ambig-acc,disambig-acc,consist,diff-bias_ambig,diff-bias_disambig,filename
18.055555555555557,49.70238095238096,42.06349206349206,0.992063492063492,9.92063492063492,llama2-7b-chat_results/eval_prompt_1_upper/result_meta-llama-Llama-2-7b-chat-hf_eval_prompt_1_upper
18.055555555555557,49.30555555555556,37.5,0.3968253968253968,8.73015873015873,llama2-7b-chat_results/eval_prompt_3_upper/result_meta-llama-Llama-2-7b-chat-hf_eval_prompt_3_upper
22.321428571428573,43.45238095238096,23.809523809523807,2.083333333333333,11.507936507936508,llama2-7b-chat_results/eval_prompt_no_taskinst/result_meta-llama-Llama-2-7b-chat-hf_eval_prompt_no_taskinst
17.46031746031746,49.90079365079365,39.48412698412698,0.3968253968253968,10.317460317460316,llama2-7b-chat_results/eval_prompt_3_lower/result_meta-llama-Llama-2-7b-chat-hf_eval_prompt_3_lower
15.773809523809524,47.32142857142857,27.77777777777778,2.4801587301587302,12.3015873015873,llama2-7b-chat_results/eval_prompt_2_lower/result_meta-llama-Llama-2-7b-chat-hf_eval_prompt_2_lower
13.095238095238097,47.51984126984127,30.55555555555556,0.3968253968253968,10.515873015873016,llama2-7b-chat_results/eval_prompt_2_upper/result_meta-llama-Llama-2-7b-chat-hf_eval_prompt_2_upper
21.32936507936508,48.31349206349206,38.2936507936508,0.2976190476190476,10.317460317460316,llama2-7b-chat_results/eval_prompt_1_lower/result_meta-llama-Llama-2-7b-chat-hf_eval_prompt_1_lower
12.202380952380953,46.52777777777778,15.873015873015872,1.6865079365079363,7.142857142857142,llama2-7b-chat_results/eval_prompt_4_upper/result_meta-llama-Llama-2-7b-chat-hf_eval_prompt_4_upper
12.797619047619047,47.61904761904761,20.436507936507937,3.075396825396825,10.515873015873016,llama2-7b-chat_results/eval_prompt_4_lower/result_meta-llama-Llama-2-7b-chat-hf_eval_prompt_4_lower
