model,ambig-acc,disambig-acc,consist,diff-bias_ambig,diff-bias_disambig
meta-llama-Llama-2-7b-chat-hf,10.11904761904762,6.448412698412689,26.19047619047619,2.7777777777777777,5.158730158730158
