ambig-acc,disambig-acc,consist,diff-bias_ambig,diff-bias_disambig,filename
27.67857142857143,38.59126984126984,17.658730158730158,-0.6944444444444444,2.1825396825396823,llama2-7b_results/eval_prompt_1_upper/result_meta-llama-Llama-2-7b-hf_eval_prompt_1_upper
27.380952380952383,39.58333333333333,22.02380952380952,-2.7777777777777777,5.158730158730158,llama2-7b_results/eval_prompt_3_upper/result_meta-llama-Llama-2-7b-hf_eval_prompt_3_upper
27.18253968253968,37.59920634920635,16.26984126984127,-1.5873015873015872,6.349206349206349,llama2-7b_results/eval_prompt_no_taskinst/result_meta-llama-Llama-2-7b-hf_eval_prompt_no_taskinst
22.81746031746032,41.07142857142857,22.42063492063492,-0.5952380952380952,3.571428571428571,llama2-7b_results/eval_prompt_3_lower/result_meta-llama-Llama-2-7b-hf_eval_prompt_3_lower
26.785714285714285,40.47619047619048,21.428571428571427,1.3888888888888888,-1.984126984126984,llama2-7b_results/eval_prompt_2_lower/result_meta-llama-Llama-2-7b-hf_eval_prompt_2_lower
26.48809523809524,40.67460317460318,21.825396825396822,-0.2976190476190476,2.7777777777777777,llama2-7b_results/eval_prompt_2_upper/result_meta-llama-Llama-2-7b-hf_eval_prompt_2_upper
26.28968253968254,40.57539682539682,17.658730158730158,-0.496031746031746,2.7777777777777777,llama2-7b_results/eval_prompt_1_lower/result_meta-llama-Llama-2-7b-hf_eval_prompt_1_lower
21.626984126984127,43.65079365079365,21.428571428571427,0.1984126984126984,2.380952380952381,llama2-7b_results/eval_prompt_4_upper/result_meta-llama-Llama-2-7b-hf_eval_prompt_4_upper
17.559523809523807,44.24603174603175,21.428571428571427,-0.0992063492063492,1.3888888888888888,llama2-7b_results/eval_prompt_4_lower/result_meta-llama-Llama-2-7b-hf_eval_prompt_4_lower
