model,ambig-acc,disambig-acc,consist,diff-bias_ambig,diff-bias_disambig
meta-llama-Llama-2-7b-hf,10.119047619047624,6.646825396825399,6.150793650793652,4.166666666666666,8.333333333333332
