model,ambig-acc,disambig-acc,consist,diff-bias_ambig,diff-bias_disambig
facebook-opt-2.7b,5.654761904761909,6.845238095238095,27.182539682539684,1.0912698412698412,6.5476190476190474
