model,ambig-acc,disambig-acc,consist,diff-bias_ambig,diff-bias_disambig
-network-weights-llama.var-llama_2-Llama-2-13b-chat-hf,15.079365079365079,6.646825396825385,15.873015873015873,7.043650793650793,5.753968253968253
-network-weights-llama.var-llama_2-Llama-2-13b-hf,7.24206349206349,12.797619047619044,37.89682539682539,4.861111111111111,9.523809523809522
facebook-opt-1.3b,6.94444444444445,4.067460317460316,20.238095238095237,2.8769841269841265,6.349206349206349
facebook-opt-2.7b,5.654761904761909,6.845238095238095,27.182539682539684,1.0912698412698412,6.5476190476190474
falcon-7b,8.928571428571427,3.2738095238095184,23.611111111111114,2.4801587301587302,2.7777777777777777
meta-llama-Llama-2-7b-chat-hf,10.11904761904762,6.448412698412689,26.19047619047619,2.7777777777777777,5.158730158730158
meta-llama-Llama-2-7b-hf,10.119047619047624,6.646825396825399,6.150793650793652,4.166666666666666,8.333333333333332
mosaicml-mpt-7b,5.456349206349206,3.6706349206349174,25.992063492063494,2.6785714285714284,5.753968253968254
mpt-7b,5.853174603174601,3.8690476190476204,26.785714285714278,3.8690476190476186,6.746031746031746
