model,ambig-acc,disambig-acc,consist,diff-bias_ambig,diff-bias_disambig
facebook-opt-1.3b,6.94444444444445,4.067460317460316,20.238095238095237,2.8769841269841265,6.349206349206349
facebook-opt-2.7b,5.654761904761909,6.845238095238095,27.182539682539684,1.0912698412698412,6.5476190476190474
meta-llama-Llama-2-7b-chat-hf,10.11904761904762,6.448412698412689,26.19047619047619,2.7777777777777777,5.158730158730158
meta-llama-Llama-2-7b-hf,10.119047619047624,6.646825396825399,6.150793650793652,4.166666666666666,8.333333333333332
mosaicml-mpt-7b,5.456349206349206,3.6706349206349174,25.992063492063494,2.6785714285714284,5.753968253968254
