model,ambig-acc,disambig-acc,consist,diff-bias_ambig,diff-bias_disambig
facebook-opt-1.3b,6.94444444444445,4.067460317460316,20.238095238095237,2.8769841269841265,6.349206349206349
